{
  "G": 1.0,
  "amortecedor": 0.05,
  "valores_iniciais": {
    "massas": [
      0.02,
      0.02,
      0.02,
      0.02,
      0.02,
      0.02,
      0.02,
      0.02,
      0.02,
      0.02,
      0.02,
      0.02,
      0.02,
      0.02,
      0.02,
      0.02,
      0.02,
      0.02,
      0.02,
      0.02,
      0.02,
      0.02,
      0.02,
      0.02,
      0.02,
      0.02,
      0.02,
      0.02,
      0.02,
      0.02,
      0.02,
      0.02,
      0.02,
      0.02,
      0.02,
      0.02,
      0.02,
      0.02,
      0.02,
      0.02,
      0.02,
      0.02,
      0.02,
      0.02,
      0.02,
      0.02,
      0.02,
      0.02,
      0.02,
      0.02
    ],
    "posicoes": [
      [
        -0.7768528927481759,
        -0.44777040497078874,
        -0.22040346525054585
      ],
      [
        0.7285892739171235,
        0.5378089060144704,
        0.3185723314349575
      ],
      [
        -0.3978831587489406,
        0.6676343468191152,
        0.36610190697624073
      ],
      [
        0.8859358336240765,
        -0.2593661330167538,
        0.35800800055803345
      ],
      [
        0.9218096724826307,
        0.756962475641758,
        -0.37570080034098297
      ],
      [
        -0.5792490232360334,
        -0.7782219267269438,
        -0.5357368116295466
      ],
      [
        0.30580028893136973,
        0.5340225468362346,
        0.10496197707549804
      ],
      [
        0.008586751608167274,
        -0.08887604202546469,
        -0.391484837725623
      ],
      [
        0.4092089810525233,
        0.18159801963638175,
        -0.8245310682498118
      ],
      [
        -0.6675686919814268,
        -0.41491313729228546,
        0.1739955233120873
      ],
      [
        0.034686016634636004,
        -0.7274859529559667,
        0.3010951546428254
      ],
      [
        -0.6080575380734246,
        -0.3338299406818724,
        0.0706885904910762
      ],
      [
        0.31745134405590353,
        0.20324150006581448,
        0.5135411493392577
      ],
      [
        0.1280375230335793,
        -0.417545989089945,
        0.7704791235526288
      ],
      [
        -0.467015097427192,
        -0.3373382104524307,
        0.6987235012400506
      ],
      [
        -0.0866550029343818,
        0.3248956813166276,
        0.3448453843812968
      ],
      [
        0.14312163838006212,
        -0.19371846863515446,
        -0.6849601283109819
      ],
      [
        0.33801919901173333,
        0.005402038848017048,
        -0.8016962219569734
      ],
      [
        -0.04145014421679514,
        -0.702828398469156,
        -0.6764624025411375
      ],
      [
        -0.17793578471609117,
        0.6882996944808718,
        0.7886570497365873
      ],
      [
        -0.7756472023281782,
        0.6833927981370026,
        -0.7469472666246763
      ],
      [
        0.08543712113999723,
        0.7776477006667919,
        -0.8005842229348987
      ],
      [
        -0.22469160941748528,
        -0.4422948288423503,
        -0.3787704764106157
      ],
      [
        -0.7383168548854819,
        0.4795125595056515,
        0.3336982459929505
      ],
      [
        0.559599944387847,
        0.7755807057045062,
        0.625596413778153
      ],
      [
        0.22006895792466585,
        0.15810802368556678,
        0.21558047441721048
      ],
      [
        0.11903570358944636,
        -0.6063270113213688,
        -0.3298335347186852
      ],
      [
        -0.7447616969665123,
        -0.14489277637559186,
        -0.5753699085117875
      ],
      [
        -0.4279112446288,
        -0.5491550894391544,
        -0.3499581718819636
      ],
      [
        -0.3073786217670855,
        0.882380944337674,
        0.23737372207114737
      ],
      [
        -0.2995759566098217,
        0.05665369243572838,
        0.63446532468893
      ],
      [
        0.6937118205359004,
        -0.5109714613890753,
        0.4554729347659271
      ],
      [
        -0.4297713632555947,
        -0.7275791706152726,
        0.5970109409092957
      ],
      [
        0.8616961240439914,
        0.4429559567439255,
        -0.5006179833981367
      ],
      [
        0.5921166866423884,
        0.5381150326718163,
        -0.4359283791519785
      ],
      [
        0.4960518289917797,
        -0.3801353434932194,
        -0.20327108500740507
      ],
      [
        -0.43603477312754385,
        0.6591059283542694,
        0.6893061888075486
      ],
      [
        -0.35248751112565285,
        -0.2254994400707888,
        -0.8384062667879428
      ],
      [
        -0.4872461859871902,
        0.23803989627446775,
        0.7328651979689623
      ],
      [
        0.2693581617652686,
        -0.7882801275214152,
        0.43750879686960037
      ],
      [
        0.9230501464803436,
        -0.764011167786272,
        0.06140473309392844
      ],
      [
        0.2685966624394507,
        0.849497625566379,
        0.4757287945695831
      ],
      [
        -0.12306336527665605,
        0.1461383159568854,
        0.3141040604228861
      ],
      [
        -0.1992707661878612,
        -0.24888312215178673,
        -0.42861755753851105
      ],
      [
        0.847724371716992,
        0.719922992324636,
        -0.4719386022439206
      ],
      [
        -0.40321958190041945,
        -0.39599929175525067,
        0.032020956795476084
      ],
      [
        -0.2121836212624609,
        -0.7820875942795646,
        0.12491674230585322
      ],
      [
        0.7694635101964801,
        -0.5796391124200257,
        0.32341311490664076
      ],
      [
        -0.6732531339304368,
        -0.040214826259796936,
        0.2712048992400715
      ],
      [
        -0.2896767398467153,
        0.580947586013102,
        -0.8001220431285779
      ]
    ],