{
  "G": 1.0,
  "amortecedor": 0.05,
  "valores_iniciais": {
    "massas": [
      0.1,
      0.1,
      0.1,
      0.1,
      0.1,
      0.1,
      0.1,
      0.1,
      0.1,
      0.1
    ],
    "posicoes": [
      [
        -0.30760256954636334,
        0.3821088549223606,
        0.6337582673237804
      ],
      [
        -0.3144453775937043,
        -0.25640344040698976,
        0.6541764907602481
      ],
      [
        0.2222376846710031,
        0.08302447218464076,
        -0.43314351242341265
      ],
      [
        0.6164018995588674,
        0.004295883121652211,
        0.20189265018274724
      ],
      [
        -0.6040864722202948,
        0.2652986089941391,
        -0.6213009905818015
      ],
      [
        0.5670867381413233,
        -0.49381166475432664,
        -0.582146147409346
      ],
      [
        -0.5004723003031071,
        -0.48215541555746344,
        -0.14477400183942937
      ],
      [
        -0.37864466078200276,
        -0.11394696264691087,
        0.4318522070931887
      ],
      [
        0.044410208291579496,
        0.5332230278399237,
        -0.5648236784659454
      ],
      [
        0.655114849782699,
        0.0783666363029747,
        0.42450871535997065
      ]
    ],
    "momentos": [
      [
        -0.028030338901780034,
        -0.0575693453070321,
        -0.0285100006567811
      ],
      [
        0.028521867493798734,
        0.0570391062643727,
        0.051641728159214535
      ],
      [
        -0.009148743241065738,
        0.04728835685052397,
        -0.06787830088385521
      ],
      [
        -0.02422063527972243,
        -0.00772547447032048,
        0.00823911195772298
      ],
      [
        0.06224390961205172,
        0.019415581948268614,
        0.05168673439721722
      ],
      [
        0.020251831483309744,
        0.022327004515444955,
        0.05287977451199078
      ],
      [
        0.023866747474417353,
        0.06144468741581906,
        0.035776248551673794
      ],
      [
        -0.04204707193007713,
        -0.06006543896511469,
        -0.021425957107820342
      ],
      [
        -0.029523053516255632,
        -0.033391477976371396,
        -0.04297489457426917
      ],
      [
        -0.001914513194676563,
        -0.04876300027559064,
        -0.03943444435509347
      ]
    ]
  }
}