{
  "modo": "vi",
  "G": 1,
  "N": 5,
  "paralelo": false,
  "massas_iguais": true,
  "exibir": false,
  "integracao": {
    "metodo": "svcp10s35",
    "timestep": 0.0005,
    "amortecedor": 0,
    "t0": 0,
    "tf": 30,
    "checkpoints": 600
  },
  "colisoes": {
    "colidir": false,
    "metodo": "direto",
    "densidade": 37301.939787163
  },
  "correcao": {
    "corrigir": false,
    "margem_erro": 0.001,
    "max_num_tentativas": 1
  },
  "valores_iniciais": {
    "massas": [1, 1, 1, 1, 1],
    "posicoes": [
      [1.13213811245189, -0.847504155938184, 0],
      [-0.456174433364492, -1.33862051618438, 0],
      [-1.41406941707213, 0.0201911788957496, 0],
      [-0.417768528840307, 1.35109935101279, 0],
      [1.15587426681674, 0.814834142205737, 0]
    ],
    "momentos": [
      [0.423752077969092, 0.566069056225944, 0],
      [0.669310258092192, -0.228087216682246, 0],
      [-0.0100955894478748, -0.707034708536063, 0],
      [-0.675549675506394, -0.208884264420153, 0],
      [-0.407417071102869, 0.577937133408372, 0]
    ]
  }
}