{
  "modo": "vi",
  "G": 1,
  "N": 12,
  "paralelo": false,
  "massas_iguais": true,
  "exibir": true,
  "integracao": {
    "metodo": "svcp10s35",
    "timestep": 0.0005,
    "amortecedor": 0,
    "t0": 0,
    "tf": 30,
    "checkpoints": 600
  },
  "colisoes": {
    "colidir": false,
    "metodo": "direto",
    "densidade": 37301.939787163
  },
  "correcao": {
    "corrigir": false,
    "margem_erro": 0.001,
    "max_num_tentativas": 1
  },
  "valores_iniciais": {
    "massas": [0.1, 0.1, 0.1, 0.1, 0.1, 0.1, 0.1, 0.1, 0.1, 0.1, 0.1, 0.1],
    "posicoes": [
      [0.00495814588619189, 1.03261297648321, 0],
      [0.32376730111149, -0.326891473686819, 0],
      [-0.77790353107057, 0.785409863121006, 0],
      [-0.326891473686839, -0.323767301126733, 0],
      [1.03261297648328, -0.00495814588250347, 0],
      [-0.00495814588256895, -1.0326129764932, 0],
      [-1.03261297649313, 0.0049581458862575, 0],
      [0.785409863111262, 0.777903531070296, 0],
      [-0.323767301126712, 0.326891473671596, 0],
      [0.77790353108004, -0.785409863111724, 0],
      [0.326891473671576, 0.323767301111469, 0],
      [-0.785409863121468, -0.777903531080314, 0]
    ],
    "momentos": [
      [-0.0413045190593286, 0.000198325835447675, 0],
      [0.0130756589474728, 0.0129506920444596, 0],
      [-0.0314163945248403, -0.0311161412428228, 0],
      [0.0129506920450693, -0.0130756589474736, 0],
      [0.000198325835300139, 0.0413045190593312, 0],
      [0.0413045190597278, -0.000198325835302758, 0],
      [-0.0001983258354503, -0.0413045190597252, 0],
      [-0.0311161412428118, 0.0314163945244505, 0],
      [-0.0130756589468639, -0.0129506920450685, 0],
      [0.031416394524469, 0.0311161412432016, 0],
      [-0.0129506920444588, 0.013075658946863, 0],
      [0.0311161412432126, -0.0314163945248587, 0]
    ]
  }
}