{
  "G": 1.0,
  "amortecedor": 0.08,
  "valores_iniciais": {
    "massas": [
      0.1,
      0.1,
      0.1,
      0.1,
      0.1,
      0.1,
      0.1,
      0.1,
      0.1,
      0.1
    ],
    "posicoes": [
      [
        -0.020638646183739638,
        -0.35534001626450706,
        0.49228430775916626
      ],
      [
        -0.4305704521166028,
        0.43899451338924417,
        -0.13155172250846184
      ],
      [
        -0.6472795102916,
        0.5098117488353793,
        0.6926683497221606
      ],
      [
        -0.3200998071697404,
        -0.28583730093396026,
        -0.3852138902948033
      ],
      [
        -0.07389861055826925,
        -0.31901605384349646,
        -0.1582509359459995
      ],
      [
        -0.236028945510998,
        -0.6832466783017868,
        -0.7516909129207584
      ],
      [
        0.4402896020524333,
        0.16993042317735943,
        0.7010753594649898
      ],
      [
        0.0772732171751241,
        0.23003075250234487,
        -0.3036653976693305
      ],
      [
        0.6705817726500664,
        -0.10418537865573001,
        -0.2021500876613517
      ],
      [
        0.5403713799533262,
        0.3988579900951522,
        0.04649493005438866
      ]
    ],
    "momentos": [
      [
        -0.07285753866017944,
        0.006932790254907134,
        0.07631170558697836
      ],
      [
        0.01265491291756088,
        0.03554751641542058,
        0.029649280672336197
      ],
      [
        0.011922931860988306,
        -0.030351928831003155,
        0.036594377054094164
      ],
      [
        -0.07422088846473349,
        -0.047807789746306714,
        -0.014054103071552864
      ],
      [
        -0.03940683375662116,
        -0.04050953491278954,
        -0.04332020539930634
      ],
      [
        0.07317550666629147,
        -0.012756453927117002,
        -0.006680673603460585
      ],
      [
        -0.009484914359038765,
        0.018230886980696626,
        0.010763667967041318
      ],
      [
        0.02430680826168165,
        0.07738786121020903,
        -0.00972077184133518
      ],
      [
        0.04216450072628071,
        -0.018006966287359025,
        -0.021376316812574393
      ],
      [
        0.03174551480776981,
        0.011333618843342082,
        -0.058166960552220606
      ]
    ]
  }
}